{
	"production": false,
	"apiAvailable": true,
	"baseUrl": "https://sdeloittecertifiedapi.deloitte.com/api",
	"clientId": "9764ba83-b2b2-41ae-bfad-542907e08112",
	"authority": "https://login.microsoftonline.com/36da45f1-dd2c-4d1f-af13-5abe46b99921",
	"graphUrl": "https://graph.microsoft.com/v1.0/me",
	"apiScope": "https://sdeloittecertifiedapi.deloitte.com/user_impersonation",
	"baseUrlNotification": "https://sdeloittecertifiedapi.deloitte.com/notification",
	"credlyRoute": "https://sandbox.credly.com/users/sign_in"
}
