{
	"production": false,
	"apiAvailable": true,
	"baseUrl": "https://qdeloittecertifiedapi.deloitte.com/api",
	"clientId": "eae95452-317b-44a1-b15d-af680edc07d4",
	"authority": "https://login.microsoftonline.com/36da45f1-dd2c-4d1f-af13-5abe46b99921",
	"graphUrl": "https://graph.microsoft.com/v1.0/me",
	"apiScope": "https://qdeloittecertifiedapi.deloitte.com/user_impersonation",
	"baseUrlNotification": "https://qdeloittecertifiedapi.deloitte.com/notification",
	"credlyRoute": "https://sandbox.credly.com/users/sign_in"
}
