{
	"production": true,
	"apiAvailable": true,
	"baseUrl": "https://deloittecertifiedapi.deloitte.com/api",
	"clientId": "2d51a01b-a6c7-4836-9cd0-a64769b33478",
	"authority": "https://login.microsoftonline.com/36da45f1-dd2c-4d1f-af13-5abe46b99921",
	"graphUrl": "https://graph.microsoft.com/v1.0/me",
	"apiScope": "https://deloittecertifiedapi.deloitte.com/user_impersonation",
	"baseUrlNotification": "https://deloittecertifiedapi.deloitte.com/notification",
	"credlyRoute": "https://www.credly.com/signin/deloitte-us"
}
