{
  "version": "2.0",
  "logging": {
    "logLevel": {
      "default": "None",
      "Microsoft": "Warning",
      "Deloitte.QDR.Credly.Functions.AFBadge.ArchiveBadge": "Information",
      "Deloitte.QDR.Credly.Functions.AFBadgeTemplate.BadgeTemplateCreated": "Information",
      "Deloitte.QDR.Credly.Functions.AFUtils.ImageProcessing": "Information",
      "Deloitte.QDR.Credly.Functions.AFEmployment.EmploymentConnectionAccepted": "Information",
      "Deloitte.QDR.Credly.Functions.AFBadgeTemplate.BadgeCreated": "Information",
      "Deloitte.QDR.Credly.Functions.AFBadge.BadgeDeleted": "Information",
      "Deloitte.QDR.Credly.Functions.AFBadge.BadgeCreated": "Information",
      "Deloitte.QDR.Credly.Functions.AFBadge.BadgePrivacyChanged": "Information",
      "Deloitte.QDR.Credly.Functions.AFBadge.BadgeStateChanged": "Information",
      "Deloitte.QDR.Credly.Functions.AFBadge.ImageProcessingLegacyData": "Information",
      "Deloitte.QDR.Credly.Functions.AFBadge.EmploymentConnectionRejected": "Information",
      "Deloitte.QDR.Credly.Functions.AFBadge.CredlyEvent": "Information",
      "Host.Results": "Trace",
      "Host.Aggregator": "Trace"
    }
  },
  "applicationInsights": {
    "samplingSettings": {
      "isEnabled": false,
      "excludedTypes": "Request",
      "Host.Results": "Trace",
      "Deloitte.QDR.Credly.Functions.AFBadge.ArchiveBadge": "Information",
      "Deloitte.QDR.Credly.Functions.AFBadgeTemplate.BadgeTemplateCreated": "Information",
      "Deloitte.QDR.Credly.Functions.AFUtils.ImageProcessing": "Information",
      "Deloitte.QDR.Credly.Functions.AFEmployment.EmploymentConnectionAccepted": "Information",
      "Deloitte.QDR.Credly.Functions.AFBadgeTemplate.BadgeCreated": "Information",
      "Deloitte.QDR.Credly.Functions.AFBadge.BadgeDeleted": "Information",
      "Deloitte.QDR.Credly.Functions.AFBadge.BadgeCreated": "Information",
      "Deloitte.QDR.Credly.Functions.AFBadge.BadgePrivacyChanged": "Information",
      "Deloitte.QDR.Credly.Functions.AFBadge.BadgeStateChanged": "Information",
      "Deloitte.QDR.Credly.Functions.AFBadge.ImageProcessingLegacyData": "Trace",
      "Deloitte.QDR.Credly.Functions.AFBadge.EmploymentConnectionRejected": "Information",
      "Deloitte.QDR.Credly.Functions.AFBadge.CredlyEvent": "Information"

    }
  }
}