{
  "IsEncrypted": false,
  "Values": {
    "AzureWebJobsStorage": "UseDevelopmentStorage=true",
    "FUNCTIONS_WORKER_RUNTIME": "dotnet",
    "Queue": "azf-credly-webhooks",
    "BlobStorageUriBase": "https://qqdrstor.blob.core.windows.net",
    "CredlyUrlBase": "https://sandbox-api.credly.com",
    "CredlyOrganization": "/v1/organizations/3e73a0b1-02ed-4e58-b848-a8fe0eebca60",
    "CredlyAuthorization": "Basic VmwwQlkzQVRSQnlOdklQMkhLdUlMN2ZSQzZrRkZWbkZSVHh0Og==)",
    "IsLocalEnv": "false",
    "TenantId": "36da45f1-dd2c-4d1f-af13-5abe46b99921",
    "ClientId": "https://deloittecertifiedapi.deloitte.com",
    "ClientSecret": "czk8Q~VPodL-M.Yt-PoX66i_~erGFnEH0engxbW3",
    "VaultUri": "https://qcredly-secret-eus.vault.azure.net/",
    "ServiceBusConnection": "@Microsoft.KeyVault(SecretUri=)",
    "SqlDbConnectionString": "@Microsoft.KeyVault(SecretUri=)"
  }
}