{
  "IsEncrypted": false,
  "Values": {
    "AzureWebJobsStorage": "UseDevelopmentStorage=true",
    "FUNCTIONS_WORKER_RUNTIME": "dotnet",
    "Queue": "azf-credly-webhooks",
    "BlobStorageUriBase": "https://qqdrstor.blob.core.windows.net",
    "CredlyUrlBase": "https://sandbox-api.credly.com",
    "CredlyOrganization": "/v1/organizations/3e73a0b1-02ed-4e58-b848-a8fe0eebca60",
    "CredlyAuthorization": "Basic VmwwQlkzQVRSQnlOdklQMkhLdUlMN2ZSQzZrRkZWbkZSVHh0Og==)",
    "IsLocalEnv": "false",
    "TenantId": "36da45f1-dd2c-4d1f-af13-5abe46b99921",
    "ClientId": "https://qdeloittecertifiedapi.deloitte.com",
    "ClientSecret": "nWH8Q~LbaD-BaH2ZrDFlB56h9tbzHCND6SLzgajP",
    "VaultUri": "https://qcredly-secret-eus.vault.azure.net/",
    "ServiceBusConnection": "@Microsoft.KeyVault(SecretUri=https://qcredly-secret-eus.vault.azure.net/secrets/ServiceBusConnString/ada1610d67444639b9e1cbc689c1d954)",
    "SqlDbConnectionString": "@Microsoft.KeyVault(SecretUri=https://qcredly-secret-eus.vault.azure.net/secrets/SqlDbConnectionString/6cab83254b244a7ab4e841b3ef3ebdef)"
  }
}