{
  "IsEncrypted": false,
  "Values": {
    "AzureWebJobsStorage": "UseDevelopmentStorage=true",
    "FUNCTIONS_WORKER_RUNTIME": "dotnet",
    "Queue": "azf-credly-webhooks",
    "BlobStorageUriBase": "https://credlystor.blob.core.windows.net",
    "CredlyUrlBase": "https://api.credly.com",
    "CredlyOrganization": "/v1/organizations/b8751312-064a-4cfa-8a8b-e268c57adead",
    "CredlyVersion": "v1",
    "IsLocalEnv": "false",
    "TenantId": "36da45f1-dd2c-4d1f-af13-5abe46b99921",
    "ClientId": "https://deloittecertifiedapi.deloitte.com",
    "ClientSecret": "9764ba83-b2b2-41ae-bfad-542907e08112",
    "VaultUri": "https://pcredly-secret-eus.vault.azure.net/",
    "ServiceBusConnection": "@Microsoft.KeyVault(SecretUri=https://pcredly-secret-eus.vault.azure.net/secrets/ServiceBusConnString/c4287442b7f640f1a56da7cd2c246742)",
    "SqlDbConnectionString": "@Microsoft.KeyVault(SecretUri=https://pcredly-secret-eus.vault.azure.net/secrets/SqlDbConnectionString/06e23a86f7134916bb7bdfb1b63229eb)",
    "DiscardingProcessCron": "1 * * * * *",
    "ArchiveBadgeCron": "0 */59 * * * *",
    "ArchiveBadgeCapacityToProcess": "4",
    "QDRAPIUrlBase": "https://deloittecertifiedapi.deloitte.com/api/Notification/SendNotification",
    "BlobStorageContainer": "qdr-docs"
  }
}