{
  "IsEncrypted": false,
  "Values": {
    "AzureWebJobsStorage": "UseDevelopmentStorage=true",
    "FUNCTIONS_WORKER_RUNTIME": "dotnet",
    "Queue": "azf-credly-webhooks",
    "BlobStorageUriBase": "https://sqdrstor.blob.core.windows.net",
    "CredlyUrlBase": "https://sandbox-api.credly.com",
    "CredlyOrganization": "/v1/organizations/3e73a0b1-02ed-4e58-b848-a8fe0eebca60",
    "CredlyAuthorization": "Basic VmwwQlkzQVRSQnlOdklQMkhLdUlMN2ZSQzZrRkZWbkZSVHh0Og==)",
    "IsLocalEnv": "false",
    "TenantId": "36da45f1-dd2c-4d1f-af13-5abe46b99921",
    "ClientId": "https://sdeloittecertifiedapi.deloitte.com",
    "ClientSecret": "9764ba83-b2b2-41ae-bfad-542907e08112",
    "VaultUri": "https://scredly-secret-eus.vault.azure.net/",
    "ServiceBusConnection": "@Microsoft.KeyVault(SecretUri=https://scredly-secret-eus.vault.azure.net/secrets/ServiceBusConnString/b3c9a2e67680473286da21ec6178eea7)",
    "SqlDbConnectionString": "@Microsoft.KeyVault(SecretUri=https://scredly-secret-eus.vault.azure.net/secrets/SqlDbConnectionString/f053ca85e99c4e919d43652e207872df)"
  }
}