[
	{
		"path": "/",
		"title": "My Dashboard",
		"items": [
			{
				"path": "",
				"title": "Notifications ",
				"items": [
					{
						"path": "/notifications",
						"title": "Received"
					}
				]
			},
			{
				"path": "/user-activities",
				"title": "User Activities"
			},
			{
				"path": "/badges",
				"title": "Badge Submissions"
			},
			{
				"path": "/badges/templates",
				"title": "Template Submissions",
				"items": [
					{
						"path": "/badges/templates/create",
						"title": "Create Template"
					}
				]
			},
			{
				"path": "/role-management",
				"title": "Manage Accounts"
			},
			{
				"path": "/badges/admin/templates",
				"title": "Template Submissions"
			},
			{
				"path": "/bulk-awarding",
				"title": "Bulk Award Requests"
			},
			{
				"path": "/collections",
				"title": "Collections"
			}
		]
	}
]
