[
	{
		"path": "/",
		"title": "My Dashboard",
		"items": [
			{
				"path": "/badges",
				"title": "My Badges & Certifications"
			},
			{
				"path": "/faq",
				"title": "FAQs"
			},
			{
				"path": "/catalog",
				"title": "Deloitte Badge Catalog",
				"items": [
					{
						"path": "/catalog/collection/:id",
						"title": "Catalog Collections"
					}
				]
			},
			{
				"path": "/catalog",
				"title": "Deloitte Badge Catalog",
				"items": [
					{
						"path": "/catalog/badges-list",
						"title": "Catalog Collections"
					},

					{
						"path": "/catalog/preview/:id",
						"title": "Badge Details"
					}
				]
			},
			{
				"path": "/jobaids",
				"title": "Job Aids"
			}
		]
	},
	{
		"path": "/notifications",
		"title": "Notifications "
	}
]
