[
	{
		"label": "My Dashboard",
		"icon": "dds-icon_home",
		"url": ""
	},
	{
		"label": "Badge Submissions",
		"icon": "dds-icon_folder",
		"url": "badges"
	},
	{
		"label": "Template Submissions",
		"icon": "dds-icon_folder",
		"url": "badges/admin/templates"
	},
	{
		"label": "Collections",
		"icon": "dds-icon_folder",
		"url": "collections"
	},
	{
		"label": "Bulk Award Requests",
		"icon": "dds-icon_folder",
		"url": "bulk-awarding"
	},
	{
		"label": "Role Management",
		"icon": "dds-icon_users",
		"url": "role-management"
	},
	{
		"label": "Notifications",
		"icon": "dds-icon_bell",
		"url": "notifications"
	},
	{
		"label": "User Activities",
		"icon": "dds-icon_users",
		"url": "/user-activities"
	}
]
