[
	{
		"label": "My Dashboard",
		"icon": "dds-icon_home",
		"url": "/"
	},
	{
		"label": "Deloitte Badge Catalog",
		"icon": "dds-icon_folder",
		"url": "catalog"
	},
	{
		"label": "My Badges & Certifications",
		"icon": "dds-icon_folder",
		"url": "badges"
	},
	{
		"label": "Notifications",
		"icon": "dds-icon_bell",
		"url": "notifications"
	},
	{
		"label": "Help",
		"icon": "dds-icon_info",
		"children": [
			{
				"label": "FAQs",
				"url": "faq"
			},
			{
				"label": "Job Aids",
				"url": "jobaids"
			}
		]
	}
]
